Position,Type,Domain,URL,Page AS,Ref.Domains,Backlinks,Search Traffic,URL Keywords,SERP Features
1,Organic,gidd.io,https://gidd.io/,53,2153,7893,18185,2629,
2,Organic,crazygames.com,https://www.crazygames.com/multiplayer,64,522,20106,38346,3926,
2,AI Overview,gidd.io,https://gidd.io/,,,,,,
2,AI Overview,skribbl.io,https://skribbl.io/,,,,,,
2,AI Overview,garticphone.com,https://garticphone.com/,,,,,,
2,AI Overview,jackboxgames.com,https://www.jackboxgames.com/,,,,,,
2,AI Overview,reddit.com,https://www.reddit.com/r/pcgaming/comments/mkikex/fun_browser_games_to_play_with_friends_like/,,,,,,
3,Organic,buddyboardgames.com,https://buddyboardgames.com/,45,1819,5469,5731,478,
4,Organic,google.com,https://play.google.com/store/apps/details?id=com.plato.android&hl=en_US,25,20,27,2609,233,Reviews
5,Organic,reddit.com,https://www.reddit.com/r/pcgaming/comments/mkikex/fun_browser_games_to_play_with_friends_like/,43,125,281,27705,704,Sitelinks
6,Organic,bloob.io,https://bloob.io/,59,1618,5103,18835,2912,
7,Organic,foony.com,https://foony.com/,72,673,2556,17889,2733,
8,Organic,gamingcouch.com,https://gamingcouch.com/,48,409,3787,7569,2580,
8,Video carousel,youtube.com,https://www.youtube.com/watch?v=RZnfg8sW2r8&vl=en-US,,,,,,
8,Video carousel,youtube.com,https://www.youtube.com/shorts/mbq43fxNrc0,,,,,,
8,Video carousel,youtube.com,https://www.youtube.com/watch?v=TTO1vjqp9GY,,,,,,
9,Organic,poki.com,https://poki.com/en/multiplayer,60,379,1662,18338,1549,
10,Organic,epicgames.com,https://store.epicgames.com/c/multiplayer-games?lang=en-US,19,6,9,2641,1618,Sitelinks
11,Organic,alexalexander.com,https://alexalexander.com/online-games-to-play-with-friends-fun-and-free-options-for-virtual-hangouts/,5,1,1,15,187,
12,Organic,medium.com,https://kevinlinxc.medium.com/10-online-games-for-virtual-gatherings-dc243c1b5f3a,22,136,362,2748,1303,
13,Organic,pinterest.com,https://www.pinterest.com/ideas/games-online-with-friends/929071643759/,0,0,0,28,59,
14,Organic,google.com,https://play.google.com/store/apps/details?id=com.haegin.playtogether&hl=en_US,29,16,31,1756,285,Reviews
15,Organic,klook.com,https://www.klook.com/en-MY/blog/free-online-group-games-friends/,27,365,886,313,510,
16,Organic,jackboxgames.com,https://www.jackboxgames.com/game-type/multiplayer,13,13,16,1094,522,
17,Organic,youtube.com,https://www.youtube.com/watch?v=1c6qF9oiZY0,0,1,1,61,719,Video
18,Organic,platoapp.com,https://platoapp.com/en/games,54,309,1461,309,451,
19,Organic,kosmi.io,https://kosmi.io/online-games-with-friends/,18,51,144,218,568,
20,Organic,realsimple.com,https://www.realsimple.com/work-life/entertainment/virtual-games,42,115,314,350,1422,
21,Organic,boostroom.com,https://boostroom.com/blog/multiplayer-games-to-play-with-friends-online,4,1,1,36,231,
22,Organic,pogo.com,https://www.pogo.com/free-online-games/multiplayer,50,261,666,228,819,
23,Organic,instagram.com,https://www.instagram.com/popular/fun-games-to-play-with-friends-online/?hl=en,0,0,0,13,82,
24,Organic,goodhousekeeping.com,https://www.goodhousekeeping.com/entertainment/g32073897/best-apps-to-play-with-friends/,0,2,3,239,667,
25,Organic,gamesiknow.com,https://gamesiknow.com/blog/best-games-to-play-with-friends-online/,0,0,0,2,68,
26,Organic,crowdparty.app,https://crowdparty.app/,55,1020,2147,6370,1399,
27,Organic,browsergames.gg,https://browsergames.gg/,43,114,178424,715,558,
28,Organic,msn.com,https://www.msn.com/en-us/play/multiplayer,34,28,98,1261,1344,
29,Organic,playfriends.games,https://www.playfriends.games/,0,108,221,156,81,
30,Organic,teenvogue.com,https://www.teenvogue.com/story/online-games-to-play-with-friends,18,3,6,19,203,
31,Organic,mp.gov.in,https://ekhanij.mp.gov.in/games-fun-game-online-with-friends,0,0,0,0,1,
32,Organic,gamerant.com,https://gamerant.com/best-online-games-to-make-friends/,18,12,15,20,623,
33,Organic,gametree.me,https://gametree.me/,58,1168,3987,557,336,
34,Organic,google.com,https://play.google.com/store/apps/details?id=jj.app.cyf&hl=en_US,23,2,2,50,130,Reviews
35,Organic,poki.com,https://poki.com/en/two-player,80,548,54946,67088,1521,
36,Organic,plinkod.com,https://plinkod.com/en/friends,0,0,0,1,42,
37,Organic,mukiz.com,https://mukiz.com/11-online-games-to-play-with-friends-remotely-🎮/,5,1,2,46,27,
38,Organic,agame.com,https://www.agame.com/games/online-with-friends,30,8,22,3,82,
39,Organic,itch.io,https://itch.io/games/tag-multiplayer,29,433,1537,674,546,
40,Organic,hellotech.com,https://www.hellotech.com/blog/the-best-games-to-play-with-friends-online-for-free,9,1,2,54,267,
41,Organic,colive.com,https://www.colive.com/blog/online-games-to-play-with-friends/,0,0,0,0,39,
42,Organic,studyinternational.com,https://studyinternational.com/news/10-free-online-games-play-friends/,0,0,0,2,176,
43,Organic,plarium.com,https://plarium.com/en/blog/games-play-with-friends-online/,15,6,22,9,132,
44,Organic,playhop.com,https://playhop.com/category/for_two_persons,46,141,479,4207,1283,
45,Organic,urbanmatter.com,https://urbanmatter.com/8-best-online-games-to-play-with-friends/,10,1,16,0,74,
46,Organic,pbskids.org,https://pbskids.org/games/multiplayer,48,302,754,1104,1228,
47,Organic,crazygames.com,https://www.crazygames.com/multiplayer?tab=2-player,57,206,820,79962,1639,
48,Organic,nhmmp.gov.in,https://nhmmp.gov.in/online-best-website-games-to-play-with-your-friends-for-remote-game-nights,0,0,0,0,18,
49,Organic,tiktok.com,https://www.tiktok.com/discover/online-games-with-friends,0,0,0,0,25,
50,Organic,coolmathgames.com,https://www.coolmathgames.com/c/multiplayer-games,47,268,684,3141,1618,
51,Organic,kumospace.com,https://www.kumospace.com/blog/game-night-virtual-games,19,44,72,68,1238,
52,Organic,up.gov.in,https://basiceducation.up.gov.in/games-best-fun-game-for-friends-online-to-play-together-remotely.html,0,0,0,0,61,
53,Organic,kizi.com,https://kizi.com/2-player,57,308,1277,3291,1094,
54,Organic,wikihow.com,https://www.wikihow.com/Online-Games-to-Play-with-Friends,19,2,2,14,412,
55,Organic,ppsc.gov.in,https://ppsc.gov.in/games/fun-online-games-with-friends-best-options-for-quick-multiplayer-sessions.html,0,0,0,0,4,
56,Organic,now.gg,https://now.gg/games/multiplayer.html,52,181,474,213,716,
57,Organic,parade.com,https://parade.com/1012420/nicolepajer/best-online-games/,36,182,1105,5,542,
58,Organic,guul.games,https://guul.games/blog/top-10-multiplayer-online-games-for-endless-fun-with-friends,6,3,3,16,375,
59,Organic,instagram.com,https://www.instagram.com/reel/CovYNglAIUl/?hl=en,0,0,0,0,18,Video
60,Organic,instagram.com,https://www.instagram.com/popular/games-to-play-with-your-friends-online/,0,0,0,25,127,
61,Organic,gameflare.com,https://www.gameflare.com/online-game/ludo-with-friends/,22,7,8,50,111,
62,Organic,airmeet.com,https://www.airmeet.com/hub/blog/70-unbelievably-fun-virtual-games-to-play-with-friends-colleagues-or-family/,15,8,12,20,957,
63,Organic,elitedaily.com,https://www.elitedaily.com/news/online-games-to-play-with-friends,14,4,5,0,261,
64,Organic,ap.gov.in,https://ap.gov.in/guides/best-online-games-to-play-with-friends-co-op-and-multiplayer-picks/,0,0,0,0,23,
65,Organic,plinkod.com,https://plinkod.com/multiplayer-games,5,32,124,53,454,
66,Organic,gametree.me,https://gametree.me/blog/best-online-games-to-make-friends/,10,2,2,1,166,
67,Organic,youtube.com,https://www.youtube.com/watch?v=SmoV_CYnGGw,0,0,0,4,143,Video
68,Organic,says.com,https://says.com/my/tech/browser-games-you-can-play-with-your-friends,11,5,21,4,204,
69,Organic,jap-one.com,https://jap-one.com/es/friends-games-t14.html?PageSpeed=noscript,0,0,0,0,1,
70,Organic,slashgear.com,https://www.slashgear.com/free-online-games-to-play-with-your-friends-while-on-quarantine-26618317/,29,5,15,0,114,
71,Organic,crazygames.com,https://www.crazygames.com/multiplayer?tab=multiplayer,34,28,51,96,988,
72,Organic,bestlifeonline.com,https://bestlifeonline.com/online-games-to-play-with-friends/,11,4,5,0,64,
73,Organic,youtube.com,https://www.youtube.com/watch?v=kBzwaGVWByU,22,4,11,237,918,Video
74,Organic,challengefriendsonline.com,https://www.challengefriendsonline.com/browse,0,0,0,0,4,
75,Organic,poki.com,https://poki.com/en/co-op,23,150,414,1706,2564,
76,Organic,google.com,https://play.google.com/store/apps/details?id=com.plotkids.playtogether&hl=en_US,0,0,0,0,39,
77,Organic,youtube.com,https://www.youtube.com/watch?v=siEesAOHldk,0,0,0,1,115,Video
78,Organic,ant.games,https://ant.games/blog/lists/free-online-games-to-play-with-friends/,10,7,18,0,56,
79,Organic,thesmartlocal.com,https://thesmartlocal.com/read/free-online-games/,16,27,177,0,54,
80,Organic,youtube.com,https://www.youtube.com/watch?v=V0Qpbm9znaI,0,0,0,0,170,Video
81,Organic,punjab.gov.in,https://ashirwad.punjab.gov.in/apps-fun-web-games-with-friends-best-co-op-options-for-playing-together,0,0,0,0,22,
82,Organic,crazygames.com,https://www.crazygames.com/t/co-op,43,243,367,841,2149,
83,Organic,youtube.com,https://www.youtube.com/watch?v=eDi2Hl6FTxA,23,2,4,18,160,Video
84,Organic,htp.gov.in,https://htp.gov.in/apps-fun-games-free-to-play-with-friends-15-party-ready-multiplayer-picks,0,0,0,0,4,
85,Organic,youtube.com,https://www.youtube.com/watch?v=HkPhZ-Qola8,41,1,1,3,514,Video
86,Organic,crazygames.com,https://www.crazygames.com/,80,7385,441869,7231853,13001,
87,Organic,mplgames.com,https://www.mplgames.com/blog/online-group-games/,0,0,0,0,54,
88,Organic,youtube.com,https://www.youtube.com/watch?v=om7jdf4RI74,25,7,15,2,674,Video
89,Organic,youtube.com,https://www.youtube.com/watch?v=FTV18ZN3l6M,0,1,1,7,508,Video
90,Organic,youtube.com,https://www.youtube.com/shorts/MUYX8BmazYk,0,0,0,0,146,Video
91,Organic,crazygames.com,https://www.crazygames.com/c/board,43,232,16860,2070,1489,
92,Organic,youtube.com,https://www.youtube.com/watch?v=9YHRK3AYjao,0,2,8,0,199,Video
93,Organic,youtube.com,https://www.youtube.com/watch?v=R0f9-y0wcoo,23,1,5,0,82,Video
94,Organic,youtube.com,https://www.youtube.com/watch?v=mprOMhdfM9A,0,0,0,15,363,Video
95,Organic,youtube.com,https://www.youtube.com/watch?v=jlfj4zchUU4,0,0,0,2,214,Video
96,Organic,youtube.com,https://www.youtube.com/watch?v=RiIvx-etAI4,0,0,0,0,120,Video
97,Organic,youtube.com,https://www.youtube.com/watch?v=XVmf1sle5wU,0,0,0,0,374,Video
